"NOMBRES","PRIMER_APELLIDO","SEGUNDO_APELLIDO"
"Paula Andrea","Montaño","Casas"
"NICOLLET","DIAZ","TALEGUA"
"VALENTINA","RUEDA","GOMEZ"
"ANGIE PAOLA","SIERRA","PAVA"
"XIMENA","POSADA","ARENAS"
"NAZLY YAMILE","COELLO","RODRIGUEZ"
"Andres Felipe","Cifuentes","Marin"
"JUAN","HIGUITA","DAVID"
"SANTIAGO","MONSALVE","BEDOYA"
"Luisa Fernanda","Mazo","Perez"
"MIGUEL ANGEL","BETANCUR","GONZALEZ"
"DANIEL FELIPE","VILLEGAS","IBARRA"
"Mario Andrés","García","Marín"
"Sergio Andres","Velasquez","Mantilla"
"Francisco Andres","Toncel","Quintero"
